"id","type","title","slug","content","is_active","created_at","updated_at"
1,CGU,Conditions G√©n√©rales d‚ÄôUtilisation,cgu,"<h1 class=""text-2xl font-bold mb-4 text-[#007BFF] text-center"">‚öì Conditions G√©n√©rales d'Utilisation (CGU)</h1>
<p class=""italic mb-6"">En vigueur au 1er janvier 2025</p>

<p class=""mb-2 text-white text-lg"">En acc√©dant et en naviguant sur le site <a href=""https://www.elpirata.fr"" class=""text-blue-400 hover:underline"">https://www.elpirata.fr</a>, l‚ÄôUtilisateur accepte sans r√©serve les pr√©sentes Conditions G√©n√©rales d'Utilisation.</p>
<p class=""mb-2 text-white text-lg"">Les pr√©sentes Conditions G√©n√©rales d'Utilisation (dites ¬´ CGU ¬ª) ont pour objet de d√©finir les modalit√©s d‚Äôacc√®s et d‚Äôutilisation du site internet ainsi que des services propos√©s par El Pirata. Elles r√©gissent √©galement les relations entre l'√©diteur et tout utilisateur du site (ci-apr√®s ¬´ l'Utilisateur ¬ª).</p>
<p class=""mb-2 text-white text-lg"">Les CGU sont accessibles √† tout moment sur le site dans la rubrique ¬´ CGU ¬ª.</p>

<h2 class=""font-semibold text-xl mt-6 mb-2 text-[#007BFF]"">Article 1 : Mentions l√©gales</h2>
<p class=""mb-2 text-white text-lg"">Le site <a href=""https://www.elpirata.fr"" class=""text-blue-400 hover:underline"">https://www.elpirata.fr</a> est √©dit√© par la soci√©t√© SASU El Pirata, au capital social de 1 euro, immatricul√©e au Registre du Commerce et des Soci√©t√©s (RCS) de Draguignan sous le num√©ro 00000000.</p>
<p class=""mb-2 text-white text-lg"">Si√®ge social : 20 Avenue Ren√© Cassin, 83440 Fayence<br>T√©l√©phone : 06.78.61.53.58<br>Email : elpirata.contact@gmail.com<br>Directeur de publication : Jonathan Ramos<br>Num√©ro de TVA intracommunautaire : FR000000000</p>
<p class=""mb-2 text-white text-lg"">Le site est h√©berg√© par la soci√©t√© O2switch, 74 rue de Rome, 75008 Paris.</p>

<h2 class=""font-semibold text-xl mt-6 mb-2 text-[#007BFF]"">Article 2 : Acc√®s au site</h2>
<p class=""mb-2 text-white text-lg"">L‚Äôacc√®s au site est libre et gratuit pour tout Utilisateur disposant d‚Äôune connexion Internet. Le site propose notamment : informations sur la chasse au tr√©sor, vente de chasses au tr√©sor, vente de produits d√©riv√©s. Les frais n√©cessaires sont √† la charge de l‚ÄôUtilisateur.</p>

<h2 class=""font-semibold text-xl mt-6 mb-2 text-[#007BFF]"">Article 3 : Collecte et traitement des donn√©es personnelles</h2>
<p class=""mb-2 text-white text-lg"">Le site respecte le RGPD et la loi Informatique et Libert√©s. Les donn√©es sont utilis√©es pour r√©pondre aux demandes, traiter les commandes et am√©liorer l‚Äôexp√©rience utilisateur.</p>
<p class=""mb-2 text-white text-lg"">L‚ÄôUtilisateur dispose de droits d‚Äôacc√®s, rectification, effacement, opposition, etc. Il peut contacter El Pirata par email, courrier ou via le formulaire de contact.</p>

<h2 class=""font-semibold text-xl mt-6 mb-2 text-[#007BFF]"">Article 4 : Propri√©t√© intellectuelle</h2>
<p class=""mb-2 text-white text-lg"">Tous les contenus du site sont prot√©g√©s. Toute reproduction ou usage sans autorisation est interdite, sauf usage priv√© avec mention de l‚Äôauteur.</p>

<h2 class=""font-semibold text-xl mt-6 mb-2 text-[#007BFF]"">Article 5 : Responsabilit√©</h2>
<p class=""mb-2 text-white text-lg"">Le site n‚Äôest pas responsable en cas d‚Äôerreurs, d‚Äôindisponibilit√© ou de dommages caus√©s. Il ne peut √™tre tenu responsable en cas de force majeure.</p>

<h2 class=""font-semibold text-xl mt-6 mb-2 text-[#007BFF]"">Article 6 : Liens hypertextes</h2>
<p class=""mb-2 text-white text-lg"">Les liens externes pr√©sents sur le site ne sont pas sous contr√¥le de El Pirata. L‚ÄôUtilisateur y acc√®de √† ses propres risques.</p>

<h2 class=""font-semibold text-xl mt-6 mb-2 text-[#007BFF]"">Article 7 : Cookies</h2>
<p class=""mb-2 text-white text-lg"">Des cookies peuvent √™tre utilis√©s pour am√©liorer l'exp√©rience utilisateur. Ils sont anonymes et l‚ÄôUtilisateur peut les accepter ou les refuser via son navigateur.</p>

<h2 class=""font-semibold text-xl mt-6 mb-2 text-[#007BFF]"">Article 8 : Droit applicable et juridiction comp√©tente</h2>
<p class=""mb-2 text-white text-lg"">Les pr√©sentes CGU sont r√©gies par la loi fran√ßaise. En cas de litige, seuls les tribunaux fran√ßais sont comp√©tents.</p>

<h2 class=""font-semibold text-xl mt-6 mb-2 text-[#007BFF]"">Article 9 : Modification des CGU</h2>
<p class=""mb-2 text-white text-lg"">El Pirata peut modifier les CGU √† tout moment. L‚Äôutilisation du site apr√®s modification vaut acceptation des nouvelles conditions.</p>

<h2 class=""font-semibold text-xl mt-6 mb-2 text-[#007BFF]"">Article 10 : Responsabilit√© des contenus tiers</h2>
<p class=""mb-2 text-white text-lg"">El Pirata n‚Äôest pas responsable des contenus accessibles via des liens hypertextes tiers.</p>

<h2 class=""font-semibold text-xl mt-6 mb-2 text-[#007BFF]"">Article 11 : Suspension et maintenance du site</h2>
<p class=""mb-2 text-white text-lg"">El Pirata peut suspendre temporairement l‚Äôacc√®s au site sans pr√©avis pour des raisons techniques ou de maintenance.</p>

<h2 class=""font-semibold text-xl mt-6 mb-2 text-[#007BFF]"">Article 12 : Utilisation loyale du site</h2>
<p class=""mb-2 text-white text-lg"">L‚ÄôUtilisateur s‚Äôengage √† un usage conforme √† la loi. Tout usage abusif pourra entra√Æner la suppression d‚Äôacc√®s sans pr√©avis.</p>

<h2 class=""font-semibold text-xl mt-6 mb-2 text-[#007BFF]"">Article 13 : S√©curit√© informatique</h2>
<p class=""mb-2 text-white text-lg"">Malgr√© les mesures mises en place, El Pirata ne peut garantir une s√©curit√© absolue des √©quipements de l‚ÄôUtilisateur.</p>

<h2 class=""font-semibold text-xl mt-6 mb-2 text-[#007BFF]"">Article 14 : Indisponibilit√© du site</h2>
<p class=""mb-2 text-white text-lg"">L‚Äôacc√®s au site peut √™tre temporairement indisponible. Aucun droit √† indemnisation ne pourra √™tre invoqu√© par l‚ÄôUtilisateur.</p>

<h2 class=""font-semibold text-xl mt-6 mb-2 text-[#007BFF]"">Article 15 : √âvolution des services</h2>
<p class=""mb-2 text-white text-lg"">El Pirata peut modifier ou suspendre les services propos√©s sans pr√©avis ni indemnit√©.</p>

<h2 class=""font-semibold text-xl mt-6 mb-2 text-[#007BFF]"">Article 16 : Propri√©t√© intellectuelle √©tendue</h2>
<p class=""mb-2 text-white text-lg"">Tous les √©l√©ments du site sont la propri√©t√© exclusive de El Pirata sauf mention contraire. Toute utilisation non autoris√©e engage la responsabilit√© de l‚Äôauteur.</p>
",1,,"2025-05-05 11:43:53"
2,CGV,Conditions G√©n√©rales de Vente,cgv,"<h1 class=""text-2xl font-bold mb-2 text-[#007BFF] text-center ""> ‚öì Conditions G√©n√©rales de Vente (CGV)</h1>
<p class=""italic mb-6"">Derni√®re mise √† jour : 27 avril 2025</p>

<p class=""mb-2 text-white text-lg"">Toute inscription √† une chasse au tr√©sor organis√©e par El Pirata implique
  l'acceptation pleine et
  enti√®re, sans r√©serve, des pr√©sentes Conditions G√©n√©rales de Vente.</p>

<h2 class=""font-semibold text-xl mt-6 mb-2 text-[#007BFF]"">Article 1 : Objet</h2>
<p class=""mb-2 text-white text-lg"">Les pr√©sentes Conditions G√©n√©rales de Vente (CGV) r√©gissent la vente de prestations
  d‚Äôorganisation de
  chasses au tr√©sor physiques et num√©riques propos√©es par El Pirata via le site <a href=""https://www.elpirata.fr""
    class=""text-blue-400 hover:underline"">https://www.elpirata.fr</a>.</p>

<h2 class=""font-semibold text-xl mt-6 mb-2 text-[#007BFF]"">Article 2 : Acc√®s aux services</h2>
<p class=""mb-2 text-white text-lg"">La participation n√©cessite une inscription pr√©alable et le paiement de l'int√©gralit√©
  du montant indiqu√©
  pour chaque chasse au tr√©sor. Les modalit√©s sp√©cifiques sont pr√©cis√©es dans la fiche descriptive de chaque √©v√©nement.
</p>

<h2 class=""font-semibold text-xl mt-6 mb-2 text-[#007BFF]"">Article 3 : Prix et modalit√©s de paiement</h2>
<p class=""mb-2 text-white text-lg"">Les prix sont affich√©s en euros TTC. Le r√®glement s'effectue en ligne via les moyens
  de paiement
  propos√©s. L'inscription est consid√©r√©e comme d√©finitive apr√®s r√©ception effective du paiement.</p>

<h2 class=""font-semibold text-xl mt-6 mb-2 text-[#007BFF]"">Article 4 : Modalit√©s d'inscription et nombre minimum de
  participants</h2>
<p class=""mb-2 text-white text-lg"">Un nombre minimum de participants est requis, pr√©cis√© dans chaque fiche de chasse au
  tr√©sor. En cas de
  nombre insuffisant, El Pirata pourra reporter la chasse jusqu'√† quatre fois pour une dur√©e de 15 jours maximum par
  report, sans obligation de remboursement imm√©diat.</p>

<h2 class=""font-semibold text-xl mt-6 mb-2 text-[#007BFF]"">Article 5 : Droit de r√©tractation</h2>
<p class=""mb-2 text-white text-lg"">Conform√©ment √† l'article L221-28 du Code de la consommation, le droit de r√©tractation
  n'est pas
  applicable aux prestations de loisirs √† date d√©termin√©e. Aucun remboursement ne sera accord√© sauf en cas d'annulation
  d√©finitive de l'√©v√©nement par El Pirata.</p>

<h2 class=""font-semibold text-xl mt-6 mb-2 text-[#007BFF]"">Article 6 : Annulation, report et remboursement</h2>
<p class=""mb-2 text-white text-lg"">En cas d'annulation d√©finitive de l'√©v√©nement par El Pirata, l'inscription sera
  int√©gralement rembours√©e
  sous 14 jours. En cas d'annulation par l'Utilisateur, aucun remboursement ne sera effectu√©.</p>
<p class=""mb-2 text-white text-lg"">El Pirata peut reporter une chasse jusqu'√† quatre fois sans obligation de
  remboursement imm√©diat. En cas
  d'annulation apr√®s reports, remboursement int√©gral.</p>
<p class=""mb-2 text-white text-lg"">En cas d'annulation de l'inscription par l'Utilisateur (hors cadre l√©gal), des frais
  de gestion de 15%
  seront retenus sur le montant rembours√©.</p>

<h2 class=""font-semibold text-xl mt-6 mb-2 text-[#007BFF]"">Article 7 : R√©compenses et gains</h2>
<p class=""mb-2 text-white text-lg"">Le premier joueur finalisant la chasse au tr√©sor dans le meilleur temps remportera le
  tr√©sor annonc√©.
  Les neuf suivants recevront un code VIP pour une inscription gratuite √† une prochaine chasse d'une valeur √©quivalente.
  El Pirata se r√©serve le droit de modifier les r√©compenses en cas de n√©cessit√© pour un lot √©quivalent ou sup√©rieur.</p>

<h2 class=""font-semibold text-xl mt-6 mb-2 text-[#007BFF]"">Article 8 : Responsabilit√©s du participant</h2>
<p class=""mb-2 text-white text-lg"">Le participant est seul responsable de sa s√©curit√© et de son comportement. Toute
  tricherie, comportement
  frauduleux ou perturbateur entra√Ænera l'exclusion sans remboursement.</p>
<p class=""mb-2 text-white text-lg"">La participation n'entra√Æne aucune garantie de gain. Le participant reconna√Æt que les
  r√©sultats
  d√©pendent de ses propres capacit√©s.</p>
<p class=""mb-2 text-white text-lg"">Le participant est seul responsable en cas de risques sanitaires (type pand√©mie) lors
  des chasses
  physiques.</p>

<h2 class=""font-semibold text-xl mt-6 mb-2 text-[#007BFF]"">Article 9 : Propri√©t√© intellectuelle</h2>
<p class=""mb-2 text-white text-lg"">Les contenus des chasses au tr√©sor, incluant √©nigmes, indices, et solutions, sont
  prot√©g√©s par le droit
  de la propri√©t√© intellectuelle. Toute reproduction ou diffusion sans autorisation est strictement interdite.</p>

<h2 class=""font-semibold text-xl mt-6 mb-2 text-[#007BFF]"">Article 10 : Force majeure</h2>
<p class=""mb-2 text-white text-lg"">El Pirata ne pourra √™tre tenu responsable de l'inex√©cution ou du retard en cas de
  force majeure,
  incluant notamment : catastrophes naturelles, actes terroristes, guerres, pand√©mies, gr√®ves, d√©faillances de services
  publics, d√©cisions gouvernementales, coupures de r√©seau Internet.</p>

<h2 class=""font-semibold text-xl mt-6 mb-2 text-[#007BFF]"">Article 11 : D√©faillance technique</h2>
<p class=""mb-2 text-white text-lg"">El Pirata d√©cline toute responsabilit√© en cas de probl√®me technique affectant la
  participation √† une
  chasse num√©rique, incluant les d√©faillances de connexion Internet ou les pannes mat√©rielles.</p>

<h2 class=""font-semibold text-xl mt-6 mb-2 text-[#007BFF]"">Article 12 : Droit √† l‚Äôimage</h2>
<p class=""mb-2 text-white text-lg"">En participant aux √©v√©nements, les participants autorisent El Pirata √† utiliser les
  photographies ou
  vid√©os prises lors des √©v√©nements √† des fins de communication, sauf opposition √©crite pr√©alable.</p>

<h2 class=""font-semibold text-xl mt-6 mb-2 text-[#007BFF]"">Article 13 : M√©diation et r√®glement des litiges</h2>
<p class=""mb-2 text-white text-lg"">En cas de litige, l'Utilisateur peut recourir gratuitement √† un m√©diateur de la
  consommation avant toute
  proc√©dure judiciaire, conform√©ment √† l'article L612-1 du Code de la consommation.</p>

<h2 class=""font-semibold text-xl mt-6 mb-2 text-[#007BFF]"">Article 14 : Droit applicable et juridiction comp√©tente</h2>
<p class=""mb-2 text-white text-lg"">Les pr√©sentes CGV sont r√©gies par le droit fran√ßais. En cas de litige, les tribunaux
  fran√ßais seront
  seuls comp√©tents.</p>",1,,"2025-06-22 08:23:50"
3,MENTIONS,Mentions L√©gales,mentions-legales,"<h1 class=""text-2xl font-bold mb-2 text-[#007BFF] text-center"">üìÑ Mentions L√©gales - El Pirata</h1>
<p class=""italic mb-6"">Derni√®re mise √† jour : 1er janvier 2025</p>

<h2 class=""font-semibold text-xl mt-6 mb-2 text-[#007BFF]"">Article 1 : √âditeur du site</h2>
<p class=""mb-2 text-white text-lg"">Le pr√©sent site est √©dit√© par :</p>
<ul class=""list-disc list-inside mb-2 text-white text-lg"">
  <li><strong>Raison sociale :</strong> SASU El Pirata</li>
  <li><strong>Forme juridique :</strong> Soci√©t√© par actions simplifi√©e unipersonnelle (SASU)</li>
  <li><strong>Capital social :</strong> 1 euro</li>
  <li><strong>RCS :</strong> 00000000 - Registre du Commerce et des Soci√©t√©s de Draguignan</li>
  <li><strong>Si√®ge social :</strong> 20 Avenue Ren√© Cassin, 83440 Fayence, France</li>
  <li><strong>Adresse e-mail :</strong> <a href=""mailto:elpirata.contact@gmail.com"" class=""text-blue-400 hover:underline"">elpirata.contact@gmail.com</a></li>
  <li><strong>Num√©ro de t√©l√©phone :</strong> 06.78.61.53.58</li>
  <li><strong>Directeur de la publication :</strong> Jonathan Ramos</li>
</ul>

<h2 class=""font-semibold text-xl mt-6 mb-2 text-[#007BFF]"">Article 2 : H√©bergement du site</h2>
<p class=""mb-2 text-white text-lg"">Le site est h√©berg√© par :</p>
<ul class=""list-disc list-inside mb-2 text-white text-lg"">
  <li><strong>Nom :</strong> O2Switch</li>
  <li><strong>Forme juridique :</strong> SAS au capital de 100 000 euros</li>
  <li><strong>RCS :</strong> Clermont-Ferrand 510 909 807</li>
  <li><strong>Si√®ge social :</strong> 222 Boulevard Gustave Flaubert, 63000 Clermont-Ferrand, France</li>
  <li><strong>T√©l√©phone :</strong> 04 44 44 60 40</li>
  <li><strong>Site internet :</strong> <a href=""https://www.o2switch.fr/"" target=""_blank"" class=""text-blue-400 hover:underline"">https://www.o2switch.fr/</a></li>
</ul>

<h2 class=""font-semibold text-xl mt-6 mb-2 text-[#007BFF]"">Article 3 : Propri√©t√© intellectuelle</h2>
<p class=""mb-2 text-white text-lg"">L‚Äôensemble des √©l√©ments pr√©sents sur le site, notamment les textes, images, graphismes, logo, ic√¥nes, sons, logiciels, sont prot√©g√©s par le droit de la propri√©t√© intellectuelle.</p>
<p class=""mb-2 text-white text-lg"">Toute reproduction, repr√©sentation, modification, publication, adaptation de tout ou partie des √©l√©ments du site, quel que soit le moyen ou le proc√©d√© utilis√©, est interdite sauf autorisation √©crite pr√©alable d‚ÄôEl Pirata.</p>
<p class=""mb-2 text-white text-lg"">Toute exploitation non autoris√©e du site ou de l'un quelconque des √©l√©ments qu‚Äôil contient sera consid√©r√©e comme constitutive d'une contrefa√ßon et poursuivie conform√©ment aux dispositions des articles L.335-2 et suivants du Code de la propri√©t√© intellectuelle.</p>

<h2 class=""font-semibold text-xl mt-6 mb-2 text-[#007BFF]"">Article 4 : Responsabilit√©</h2>
<p class=""mb-2 text-white text-lg"">El Pirata s'efforce de fournir des informations aussi pr√©cises que possible sur le site. Toutefois, il ne pourra √™tre tenu responsable des omissions, des inexactitudes et des carences dans la mise √† jour, qu'elles soient de son fait ou du fait des tiers partenaires qui lui fournissent ces informations.</p>
<p class=""mb-2 text-white text-lg"">L'utilisateur du site s'engage √† acc√©der au site en utilisant un mat√©riel r√©cent, ne contenant pas de virus, et avec un navigateur de derni√®re g√©n√©ration mis-√†-jour.</p>

<h2 class=""font-semibold text-xl mt-6 mb-2 text-[#007BFF]"">Article 5 : Donn√©es personnelles</h2>
<p class=""mb-2 text-white text-lg"">La collecte et le traitement des donn√©es personnelles des utilisateurs sont r√©alis√©s conform√©ment au R√®glement G√©n√©ral sur la Protection des Donn√©es (RGPD) et √† la Loi Informatique et Libert√©s.</p>
<p class=""mb-2 text-white text-lg"">Pour toute information relative √† la protection des donn√©es, veuillez consulter notre Politique de Confidentialit√©.</p>

<h2 class=""font-semibold text-xl mt-6 mb-2 text-[#007BFF]"">Article 6 : Cookies</h2>
<p class=""mb-2 text-white text-lg"">Le site El Pirata utilise des cookies pour am√©liorer l‚Äôexp√©rience de navigation de l‚Äôutilisateur et pour mesurer l‚Äôaudience du site.</p>
<p class=""mb-2 text-white text-lg"">L'utilisateur peut accepter ou refuser les cookies en configurant son navigateur conform√©ment √† notre Politique de Confidentialit√©.</p>

<h2 class=""font-semibold text-xl mt-6 mb-2 text-[#007BFF]"">Article 7 : Droit applicable</h2>
<p class=""mb-2 text-white text-lg"">Tout litige en relation avec l‚Äôutilisation du site El Pirata est soumis au droit fran√ßais. En dehors des cas o√π la loi ne le permet pas, il est fait attribution exclusive de juridiction aux tribunaux comp√©tents fran√ßais.</p>",1,,
4,CONFIDENTIALITE,Politique de Confidentialit√©,politique-confidentialite,"<h1 class=""text-2xl font-bold mb-2 text-[#007BFF] text-center"">üîê Politique de Confidentialit√© - El Pirata</h1>
<p class=""italic mb-6 text-white text-lg text-center"">Derni√®re mise √† jour : 1er janvier 2025</p>

<h2 class=""font-semibold text-xl mt-6 mb-2 text-[#007BFF]"">1. Introduction</h2>
<p class=""mb-4 text-white text-lg"">
  El Pirata s'engage √† prot√©ger les donn√©es personnelles de ses utilisateurs conform√©ment au R√®glement G√©n√©ral sur la Protection des Donn√©es 
  (RGPD - R√®glement UE 2016/679) et √† la loi Informatique et Libert√©s modifi√©e.
</p>
<p class=""mb-4 text-white text-lg"">
  Cette Politique de Confidentialit√© explique quelles donn√©es sont collect√©es, comment elles sont utilis√©es, et quels droits les utilisateurs poss√®dent.
</p>

<h2 class=""font-semibold text-xl mt-6 mb-2 text-[#007BFF]"">2. Responsable du traitement</h2>
<p class=""mb-4 text-white text-lg"">
  Responsable : <strong>SASU El Pirata</strong><br>
  Adresse : 20 Avenue Ren√© Cassin, 83440 Fayence, France<br>
  Email : <a href=""mailto:contact@elpirata.fr"" class=""text-blue-400 hover:underline"">contact@elpirata.fr</a>
</p>

<h2 class=""font-semibold text-xl mt-6 mb-2 text-[#007BFF]"">3. Donn√©es collect√©es</h2>
<p class=""mb-2 text-white text-lg"">El Pirata peut collecter les donn√©es suivantes :</p>
<ul class=""list-disc list-inside mb-4 text-white text-lg"">
  <li>Nom, pr√©nom</li>
  <li>Adresse email</li>
  <li>Num√©ro de t√©l√©phone</li>
  <li>Adresse postale</li>
  <li>Adresse IP</li>
  <li>Informations de paiement (via prestataire s√©curis√©)</li>
  <li>Historique de navigation (via cookies)</li>
</ul>

<h2 class=""font-semibold text-xl mt-6 mb-2 text-[#007BFF]"">4. Finalit√©s de la collecte</h2>
<p class=""mb-2 text-white text-lg"">Les donn√©es collect√©es servent √† :</p>
<ul class=""list-disc list-inside mb-4 text-white text-lg"">
  <li>G√©rer les inscriptions et participations aux chasses au tr√©sor</li>
  <li>Assurer la relation client et le support</li>
  <li>Envoyer les emails de confirmation, r√©sultats, notifications</li>
  <li>Envoyer des informations commerciales (si accord explicite)</li>
  <li>S√©curiser le site et pr√©venir la fraude</li>
  <li>Respecter les obligations l√©gales</li>
</ul>

<h2 class=""font-semibold text-xl mt-6 mb-2 text-[#007BFF]"">5. Base l√©gale du traitement</h2>
<p class=""mb-4 text-white text-lg"">
  Le traitement repose sur :
</p>
<ul class=""list-disc list-inside mb-4 text-white text-lg"">
  <li>Le consentement de l‚Äôutilisateur (article 6-1-a RGPD)</li>
  <li>L‚Äôex√©cution d‚Äôun contrat (article 6-1-b RGPD)</li>
  <li>Le respect d‚Äôune obligation l√©gale (article 6-1-c RGPD)</li>
</ul>

<h2 class=""font-semibold text-xl mt-6 mb-2 text-[#007BFF]"">6. Destinataires des donn√©es</h2>
<p class=""mb-4 text-white text-lg"">
  Les donn√©es sont exclusivement destin√©es √† El Pirata et √† ses √©ventuels sous-traitants, strictement dans le cadre des finalit√©s d√©finies.
  Aucune donn√©e n‚Äôest vendue ou transf√©r√©e √† des tiers non autoris√©s.
</p>

<h2 class=""font-semibold text-xl mt-6 mb-2 text-[#007BFF]"">7. Dur√©e de conservation des donn√©es</h2>
<p class=""mb-2 text-white text-lg"">Les donn√©es sont conserv√©es selon les dur√©es suivantes :</p>
<ul class=""list-disc list-inside mb-4 text-white text-lg"">
  <li>3 ans apr√®s la derni√®re activit√© pour les prospects</li>
  <li>5 ans apr√®s la fin de la relation contractuelle pour les clients</li>
  <li>Plus longtemps si la loi l‚Äôimpose (ex : facturation)</li>
</ul>

<h2 class=""font-semibold text-xl mt-6 mb-2 text-[#007BFF]"">8. Droits des utilisateurs</h2>
<p class=""mb-2 text-white text-lg"">Conform√©ment au RGPD, chaque utilisateur dispose des droits suivants :</p>
<ul class=""list-disc list-inside mb-4 text-white text-lg"">
  <li>Droit d‚Äôacc√®s</li>
  <li>Droit de rectification</li>
  <li>Droit d‚Äôeffacement (¬´ droit √† l‚Äôoubli ¬ª)</li>
  <li>Droit d‚Äôopposition</li>
  <li>Droit √† la limitation du traitement</li>
  <li>Droit √† la portabilit√©</li>
  <li>Droit de d√©finir le sort de ses donn√©es post-mortem</li>
</ul>
<p class=""mb-4 text-white text-lg"">
  Pour exercer vos droits, contactez-nous √† <a href=""mailto:contact@elpirata.fr"" class=""text-blue-400 hover:underline"">contact@elpirata.fr</a> en joignant un justificatif d‚Äôidentit√©.
</p>

<h2 class=""font-semibold text-xl mt-6 mb-2 text-[#007BFF]"">9. S√©curit√© des donn√©es</h2>
<p class=""mb-4 text-white text-lg"">
  El Pirata applique des mesures techniques et organisationnelles rigoureuses pour garantir la confidentialit√©, l‚Äôint√©grit√© et la s√©curit√© des donn√©es personnelles (protection contre l‚Äôacc√®s non autoris√©, la perte ou la destruction).
</p>

<h2 class=""font-semibold text-xl mt-6 mb-2 text-[#007BFF]"">10. Cookies</h2>
<p class=""mb-2 text-white text-lg"">
  Le site utilise des cookies pour am√©liorer l‚Äôexp√©rience utilisateur, analyser la fr√©quentation et adapter les contenus.
  Lors de la premi√®re visite, un bandeau permet d‚Äôaccepter, refuser ou param√©trer les cookies.
</p>
<ul class=""list-disc list-inside mb-4 text-white text-lg"">
  <li>Cookies fonctionnels</li>
  <li>Cookies d‚Äôanalyse (ex : Google Analytics)</li>
  <li>Cookies r√©seaux sociaux (optionnels)</li>
</ul>

<h2 class=""font-semibold text-xl mt-6 mb-2 text-[#007BFF]"">11. Protection des mineurs</h2>
<p class=""mb-4 text-white text-lg"">
  L‚Äôinscription autonome des mineurs est interdite. Toute participation doit √™tre encadr√©e par un adulte responsable.
  Aucune donn√©e concernant un mineur seul n‚Äôest collect√©e volontairement.
</p>

<h2 class=""font-semibold text-xl mt-6 mb-2 text-[#007BFF]"">12. R√©clamations</h2>
<p class=""mb-4 text-white text-lg"">
  Pour toute difficult√© li√©e √† vos donn√©es personnelles, contactez <a href=""mailto:contact@elpirata.fr"" class=""text-blue-400 hover:underline"">contact@elpirata.fr</a>.
  Si aucune solution n‚Äôest trouv√©e, vous pouvez introduire une r√©clamation aupr√®s de la CNIL (<a href=""https://www.cnil.fr"" class=""text-blue-400 hover:underline"" target=""_blank"">www.cnil.fr</a>).
</p>

<h2 class=""font-semibold text-xl mt-6 mb-2 text-[#007BFF]"">13. Modifications de la politique</h2>
<p class=""mb-6 text-white text-lg"">
  El Pirata se r√©serve le droit de modifier cette Politique de Confidentialit√© √† tout moment.
  Les utilisateurs seront inform√©s de toute modification importante par email ou via le site.
</p>
",1,,
5,FAQ,Foire Aux Questions,faq,"<h1 class=""text-2xl font-bold mb-2 text-[#007BFF] text-center"">‚ùì FAQ Officielle - El Pirata</h1>
<p class=""italic mb-6"">Bienvenue √† bord du navire El Pirata, aventurier intr√©pide !</p>

<p class=""mb-6 text-white text-lg"">
  Ici, nous avons rassembl√© toutes les questions que les futurs chasseurs de tr√©sors se posent avant de lever
  l‚Äôancre.<br>
  Que vous partiez en qu√™te num√©rique ou que vous soyez pr√™t √† d√©terrer un v√©ritable coffre, cette FAQ est votre carte
  aux tr√©sors.<br>
  <strong>Bonne aventure, et souvenez-vous : pers√©v√©rance, entraide et courage sont vos meilleures armes !</strong>
</p>

<h2 class=""font-semibold text-xl mt-6 mb-2 text-[#007BFF]"">1. Qu'est-ce que El Pirata propose exactement ?</h2>
<p class=""mb-2 text-white text-lg"">El Pirata vous propose des chasses au tr√©sor num√©riques et physiques √† r√©soudre pour
  gagner des tr√©sors !</p>

<h2 class=""font-semibold text-xl mt-6 mb-2 text-[#007BFF]"">2. Comment participer √† une chasse au tr√©sor num√©rique ?</h2>
<p class=""mb-2 text-white text-lg"">Cr√©ez votre compte, choisissez votre chasse, payez et commencez √† r√©soudre les
  √©nigmes depuis chez vous.</p>

<h2 class=""font-semibold text-xl mt-6 mb-2 text-[#007BFF]"">3. Comment participer √† une chasse au tr√©sor physique ?</h2>
<p class=""mb-2 text-white text-lg"">M√™me processus que pour le num√©rique, mais √† la fin vous devrez partir sur le terrain
  d√©terrer le tr√©sor.</p>

<h2 class=""font-semibold text-xl mt-6 mb-2 text-[#007BFF]"">4. Quel √¢ge faut-il avoir pour s'inscrire ?</h2>
<p class=""mb-2 text-white text-lg"">Vous devez √™tre majeur (18 ans ou plus) pour vous inscrire.</p>

<h2 class=""font-semibold text-xl mt-6 mb-2 text-[#007BFF]"">5. Puis-je participer avec ma famille ou mes amis ?</h2>
<p class=""mb-2 text-white text-lg"">Oui, mais un seul compte doit √™tre utilis√© pour l'inscription et le paiement.</p>

<h2 class=""font-semibold text-xl mt-6 mb-2 text-[#007BFF]"">6. Que gagne-t-on si on termine premier ou parmi les premiers
  ?</h2>
<p class=""mb-2 text-white text-lg"">Le premier remporte le tr√©sor, les 9 suivants re√ßoivent un code VIP pour une
  prochaine chasse.</p>

<h2 class=""font-semibold text-xl mt-6 mb-2 text-[#007BFF]"">7. Que se passe-t-il si la chasse au tr√©sor est report√©e ?
</h2>
<p class=""mb-2 text-white text-lg"">La chasse peut √™tre report√©e jusqu'√† 4 fois sans remboursement, puis remboursement
  possible apr√®s 60 jours.</p>

<h2 class=""font-semibold text-xl mt-6 mb-2 text-[#007BFF]"">8. Comment se passe le paiement et l'inscription ?</h2>
<p class=""mb-2 text-white text-lg"">Paiement imm√©diat par carte bancaire s√©curis√©e, confirmation par mail.</p>

<h2 class=""font-semibold text-xl mt-6 mb-2 text-[#007BFF]"">9. Puis-je me faire rembourser apr√®s inscription ?</h2>
<p class=""mb-2 text-white text-lg"">Oui sous 14 jours, sinon uniquement en cas de maladie grave justifi√©e 48h avant le
  d√©but de la chasse.</p>

<h2 class=""font-semibold text-xl mt-6 mb-2 text-[#007BFF]"">10. Comment seront annonc√©s les gagnants ?</h2>
<p class=""mb-2 text-white text-lg"">Via votre espace personnel et un email de notification.</p>

<h2 class=""font-semibold text-xl mt-6 mb-2 text-[#007BFF]"">11. Puis-je participer depuis l'√©tranger ?</h2>
<p class=""mb-2 text-white text-lg"">Oui pour les chasses num√©riques, d√©placement n√©cessaire pour les chasses physiques.
</p>

<h2 class=""font-semibold text-xl mt-6 mb-2 text-[#007BFF]"">12. Y a-t-il des indices suppl√©mentaires pendant les chasses
  ?</h2>
<p class=""mb-2 text-white text-lg"">Non, tout ce qu'il faut est d√©j√† int√©gr√© dans les √©nigmes.</p>

<h2 class=""font-semibold text-xl mt-6 mb-2 text-[#007BFF]"">13. Puis-je cr√©er plusieurs comptes pour participer plusieurs
  fois ?</h2>
<p class=""mb-2 text-white text-lg"">Non, un seul compte par joueur est autoris√©.</p>

<h2 class=""font-semibold text-xl mt-6 mb-2 text-[#007BFF]"">14. Que dois-je faire si je perds ma connexion internet
  pendant la chasse ?</h2>
<p class=""mb-2 text-white text-lg"">Reconnectez-vous, votre progression est sauvegard√©e automatiquement.</p>

<h2 class=""font-semibold text-xl mt-6 mb-2 text-[#007BFF]"">15. Que faire si je rencontre un probl√®me technique pendant
  la chasse ?</h2>
<p class=""mb-2 text-white text-lg"">Contactez imm√©diatement notre support √† <a href=""mailto:contact@elpirata.fr""
    class=""text-blue-400 hover:underline"">contact@elpirata.fr</a>.</p>

<h2 class=""font-semibold text-xl mt-6 mb-2 text-[#007BFF]"">16. Y a-t-il un temps limit√© pour r√©soudre chaque √©nigme ?
</h2>
<p class=""mb-2 text-white text-lg"">Non, mais votre temps total est enregistr√© pour le classement final.</p>

<h2 class=""font-semibold text-xl mt-6 mb-2 text-[#007BFF]"">17. Puis-je utiliser Internet pour m'aider √† r√©soudre les
  √©nigmes ?</h2>
<p class=""mb-2 text-white text-lg"">Oui, toute aide est permise dans le respect du fair-play.</p>

<h2 class=""font-semibold text-xl mt-6 mb-2 text-[#007BFF]"">18. Comment saurai-je que ma r√©ponse √† une √©nigme est
  correcte ?</h2>
<p class=""mb-2 text-white text-lg"">Vous recevrez un code unique √† chaque √©nigme valid√©e.</p>

<h2 class=""font-semibold text-xl mt-6 mb-2 text-[#007BFF]"">19. Puis-je participer √† plusieurs chasses au tr√©sor en m√™me
  temps ?</h2>
<p class=""mb-2 text-white text-lg"">Oui, autant que vous voulez !</p>

<h2 class=""font-semibold text-xl mt-6 mb-2 text-[#007BFF]"">20. Que se passe-t-il si deux joueurs terminent exactement en
  m√™me temps ?</h2>
<p class=""mb-2 text-white text-lg"">Un d√©fi d'√©nigmes d√©partagera les ex-aequo en priv√©.</p>

<h2 class=""font-semibold text-xl mt-6 mb-2 text-[#007BFF]"">21. Comment fonctionne le code VIP si je suis dans les 9
  premiers suivants ?</h2>
<p class=""mb-2 text-white text-lg"">Vous recevez un code personnel √† utiliser pour une prochaine chasse √©quivalente.</p>

<h2 class=""font-semibold text-xl mt-6 mb-2 text-[#007BFF]"">22. Puis-je demander un remboursement si j'ai oubli√© la date
  de la chasse ?</h2>
<p class=""mb-2 text-white text-lg"">Non, le respect des dates communiqu√©es est de votre responsabilit√©.</p>

<h2 class=""font-semibold text-xl mt-6 mb-2 text-[#007BFF]"">23. Puis-je modifier mes informations personnelles apr√®s mon
  inscription ?</h2>
<p class=""mb-2 text-white text-lg"">Oui depuis votre espace personnel, ou en contactant le support pour certaines
  donn√©es.</p>

<h2 class=""font-semibold text-xl mt-6 mb-2 text-[#007BFF]"">24. Que se passe-t-il si je ne termine pas la chasse au
  tr√©sor ?</h2>
<p class=""mb-2 text-white text-lg"">Vous ne serez pas class√© parmi les gagnants mais pourrez voir vos r√©sultats.</p>

<h2 class=""font-semibold text-xl mt-6 mb-2 text-[#007BFF]"">25. Est-ce que je peux participer plusieurs fois √† la m√™me
  chasse au tr√©sor ?</h2>
<p class=""mb-2 text-white text-lg"">Non, une seule participation par joueur est autoris√©e par chasse.</p>

<h2 class=""font-semibold text-xl mt-6 mb-2 text-[#007BFF]"">26. Est-ce que je peux utiliser mon code VIP pour offrir une
  inscription √† quelqu'un d'autre ?</h2>
<p class=""mb-2 text-white text-lg"">Non, le code VIP est personnel et non transf√©rable.</p>

<h2 class=""font-semibold text-xl mt-6 mb-2 text-[#007BFF]"">27. Que faire si je trouve un bug ou une erreur dans une
  √©nigme ?</h2>
<p class=""mb-2 text-white text-lg"">Contactez rapidement notre support √† <a href=""mailto:contact@elpirata.fr""
    class=""text-blue-400 hover:underline"">contact@elpirata.fr</a>.</p>

<h2 class=""font-semibold text-xl mt-6 mb-2 text-[#007BFF]"">28. Quels moyens de paiement sont accept√©s ?</h2>
<p class=""mb-2 text-white text-lg"">Paiement s√©curis√© par carte bancaire uniquement.</p>

<h2 class=""font-semibold text-xl mt-6 mb-2 text-[#007BFF]"">29. Quelles sont les conditions pour participer √† une chasse
  physique ?</h2>
<p class=""mb-2 text-white text-lg"">Avoir un v√©hicule et accepter de se d√©placer sur un terrain priv√© sous votre
  responsabilit√©.</p>

<h2 class=""font-semibold text-xl mt-6 mb-2 text-[#007BFF]"">30. Est-ce que je peux participer si je n'habite pas en
  France ?</h2>
<p class=""mb-2 text-white text-lg"">Oui pour les chasses num√©riques, mais vous devez venir en France pour les chasses
  physiques.</p>

<h2 class=""font-semibold text-xl mt-6 mb-2 text-[#007BFF]"">31. Puis-je r√©cup√©rer mes r√©ponses si je me d√©connecte du
  site par accident ?</h2>
<p class=""mb-2 text-white text-lg"">Oui, vos r√©ponses sont sauvegard√©es automatiquement.</p>

<h2 class=""font-semibold text-xl mt-6 mb-2 text-[#007BFF]"">32. Dois-je payer √† chaque nouvelle chasse au tr√©sor ?</h2>
<p class=""mb-2 text-white text-lg"">Oui, chaque chasse n√©cessite une nouvelle inscription et un paiement.</p>

<h2 class=""font-semibold text-xl mt-6 mb-2 text-[#007BFF]"">33. Que se passe-t-il si je rate la date de d√©but de la
  chasse ?</h2>
<p class=""mb-2 text-white text-lg"">Vous pourrez jouer en retard mais serez d√©savantag√© au classement.</p>

<h2 class=""font-semibold text-xl mt-6 mb-2 text-[#007BFF]"">34. Puis-je demander un remboursement si je n‚Äôai pas termin√©
  la chasse ?</h2>
<p class=""mb-2 text-white text-lg"">Non, une fois commenc√©e, la chasse n'est pas remboursable sauf cas pr√©vu.</p>

<h2 class=""font-semibold text-xl mt-6 mb-2 text-[#007BFF]"">35. Comment saurai-je si ma participation est bien
  enregistr√©e ?</h2>
<p class=""mb-2 text-white text-lg"">Vous recevrez un email de confirmation apr√®s paiement.</p>

<h2 class=""font-semibold text-xl mt-6 mb-2 text-[#007BFF]"">36. Y a-t-il un support en direct pendant la chasse au tr√©sor
  ?</h2>
<p class=""mb-2 text-white text-lg"">Non, sauf pour des probl√®mes techniques graves.</p>

<h2 class=""font-semibold text-xl mt-6 mb-2 text-[#007BFF]"">37. Le tr√©sor peut-il √™tre trouv√© plusieurs fois dans une
  chasse physique ?</h2>
<p class=""mb-2 text-white text-lg"">Non, il est unique, r√©serv√© au premier √† le d√©couvrir et valider.</p>

<h2 class=""font-semibold text-xl mt-6 mb-2 text-[#007BFF]"">38. Mon code VIP est-il valable pour toutes les chasses
  futures ?</h2>
<p class=""mb-2 text-white text-lg"">Non, seulement pour une chasse √©quivalente pr√©cis√©e dans votre email de gain.</p>

<h2 class=""font-semibold text-xl mt-6 mb-2 text-[#007BFF]"">39. Dois-je garder une preuve de mon inscription ?</h2>
<p class=""mb-2 text-white text-lg"">Oui, conservez votre email de confirmation et votre facture.</p>

<h2 class=""font-semibold text-xl mt-6 mb-2 text-[#007BFF]"">40. Puis-je changer mon choix entre chasse num√©rique et
  chasse physique ?</h2>
<p class=""mb-2 text-white text-lg"">Non, votre choix est d√©finitif lors de l'inscription.</p>",1,,
6,REMBOURSEMENT,Politique de Remboursement,politique-remboursement,"<h1 class=""text-2xl font-bold mb-2 text-[#007BFF] text-center"">üí∞ Politique de Remboursement - El Pirata</h1>
<p class=""italic mb-6"">En vigueur au 1er janvier 2025</p>

<h2 class=""font-semibold text-xl mt-6 mb-2 text-[#007BFF]"">Article 1 : Objet de la politique</h2>
<p class=""mb-2 text-white text-lg"">La pr√©sente Politique de Remboursement informe les participants aux chasses au tr√©sor organis√©es par El Pirata des conditions et modalit√©s de remboursement, conform√©ment √† la l√©gislation fran√ßaise et europ√©enne.</p>

<h2 class=""font-semibold text-xl mt-6 mb-2 text-[#007BFF]"">Article 2 : Droit de r√©tractation</h2>
<p class=""mb-2 text-white text-lg"">Conform√©ment √† l'article L221-18 du Code de la consommation, les participants disposent d'un d√©lai de 14 jours √† compter de leur inscription pour exercer leur droit de r√©tractation sans frais.</p>
<p class=""mb-2 text-white text-lg"">Cependant, en vertu de l'article L221-28 12¬∞ du Code de la consommation, ce droit ne s'applique plus apr√®s le d√©but effectif de la chasse au tr√©sor qui constitue une prestation dat√©e.</p>
<p class=""mb-2 text-white text-lg"">La demande de r√©tractation doit √™tre effectu√©e uniquement par email √† l'adresse suivante : <a href=""mailto:contact@elpirata.fr"" class=""text-blue-400 hover:underline"">contact@elpirata.fr</a>.</p>

<h2 class=""font-semibold text-xl mt-6 mb-2 text-[#007BFF]"">Article 3 : Conditions d'annulation exceptionnelle</h2>
<p class=""mb-2 text-white text-lg"">En cas d'emp√™chement grave (maladie grave ou hospitalisation) justifi√© par un document officiel sign√©, un remboursement pourra √™tre envisag√© sous r√©serve des conditions suivantes :</p>
<ul class=""list-disc list-inside mb-2 text-white text-lg"">
  <li>Demande effectu√©e par email au moins 48 heures avant le d√©but pr√©vu de la chasse.</li>
  <li>Pr√©sentation obligatoire d'un justificatif officiel.</li>
  <li>El Pirata se r√©serve le droit de v√©rifier l'authenticit√© du justificatif.</li>
  <li>La d√©cision finale d'accepter ou de refuser la demande sera notifi√©e par email et sera d√©finitive.</li>
</ul>

<h2 class=""font-semibold text-xl mt-6 mb-2 text-[#007BFF]"">Article 4 : Proc√©dure de demande de remboursement</h2>
<p class=""mb-2 text-white text-lg"">Toute demande doit √™tre adress√©e exclusivement par email √† <a href=""mailto:contact@elpirata.fr"" class=""text-blue-400 hover:underline"">contact@elpirata.fr</a> en pr√©cisant : nom, pr√©nom, num√©ro de commande, et en joignant tout justificatif n√©cessaire.</p>
<p class=""mb-2 text-white text-lg"">Les demandes par voie postale ou par t√©l√©phone ne seront pas accept√©es.</p>

<h2 class=""font-semibold text-xl mt-6 mb-2 text-[#007BFF]"">Article 5 : D√©lais et modalit√©s de remboursement</h2>
<p class=""mb-2 text-white text-lg"">En cas d'annulation par El Pirata (notamment apr√®s reports infructueux), le remboursement int√©gral sera effectu√© dans un d√©lai de 30 jours maximum.</p>
<p class=""mb-2 text-white text-lg"">Le remboursement sera r√©alis√© uniquement par virement bancaire sur pr√©sentation d'un RIB valide, transmis via l'espace personnel s√©curis√© ou par email.</p>
<p class=""mb-2 text-white text-lg"">Aucun remboursement en esp√®ces ou par tout autre moyen ne sera effectu√©.</p>

<h2 class=""font-semibold text-xl mt-6 mb-2 text-[#007BFF]"">Article 6 : Frais bancaires</h2>
<p class=""mb-2 text-white text-lg"">Les frais bancaires li√©s aux virements internationaux ou hors France m√©tropolitaine seront √† la charge exclusive du participant.</p>

<h2 class=""font-semibold text-xl mt-6 mb-2 text-[#007BFF]"">Article 7 : Responsabilit√© limit√©e</h2>
<p class=""mb-2 text-white text-lg"">El Pirata d√©cline toute responsabilit√© pour tout √©v√©nement impr√©visible ou de force majeure, tel que d√©fini √† l'article 1218 du Code civil, emp√™chant le d√©roulement normal des chasses au tr√©sor.</p>

<h2 class=""font-semibold text-xl mt-6 mb-2 text-[#007BFF]"">Article 8 : Droit applicable et juridiction comp√©tente</h2>
<p class=""mb-2 text-white text-lg"">La pr√©sente Politique est r√©gie par la loi fran√ßaise. Tout litige relatif √† son application ou √† son interpr√©tation sera de la comp√©tence exclusive des juridictions fran√ßaises.</p>
",1,,
7,COOKIES,Politique de Cookies,politique-cookies,"<h1 class=""text-2xl font-bold mb-2 text-[#007BFF] text-center"">üç™ Politique de Cookies - El Pirata</h1>
<p class=""italic mb-6"">Derni√®re mise √† jour : 1er janvier 2025</p>

<h2 class=""font-semibold text-xl mt-6 mb-2 text-[#007BFF]"">Article 1 : D√©finition d'un cookie</h2>
<p class=""mb-2 text-white text-lg"">Un cookie est un petit fichier texte stock√© sur votre ordinateur, votre tablette ou votre smartphone lors de votre visite sur un site internet. Il permet de collecter des informations sur votre navigation et peut √™tre utilis√© pour am√©liorer votre exp√©rience utilisateur.</p>

<h2 class=""font-semibold text-xl mt-6 mb-2 text-[#007BFF]"">Article 2 : Pourquoi utilisons-nous des cookies ?</h2>
<p class=""mb-2 text-white text-lg"">El Pirata utilise des cookies pour :</p>
<ul class=""list-disc list-inside mb-2 text-white text-lg"">
  <li>Assurer le bon fonctionnement du site</li>
  <li>Faciliter la navigation</li>
  <li>Analyser l'audience et am√©liorer les services propos√©s</li>
  <li>Personnaliser l'exp√©rience utilisateur</li>
  <li>G√©rer les inscriptions et connexions</li>
</ul>

<h2 class=""font-semibold text-xl mt-6 mb-2 text-[#007BFF]"">Article 3 : Types de cookies utilis√©s</h2>
<ul class=""list-disc list-inside mb-2 text-white text-lg"">
  <li><strong>Cookies strictement n√©cessaires :</strong> essentiels pour la navigation et l'utilisation des fonctionnalit√©s principales du site.</li>
  <li><strong>Cookies de performance :</strong> utilis√©s pour collecter des donn√©es statistiques sur la fr√©quentation du site (par exemple, Google Analytics).</li>
  <li><strong>Cookies fonctionnels :</strong> permettent de se souvenir de vos pr√©f√©rences de navigation.</li>
  <li><strong>Cookies de r√©seaux sociaux :</strong> permettent l'interaction avec les r√©seaux sociaux, si activ√© par l'utilisateur.</li>
</ul>

<h2 class=""font-semibold text-xl mt-6 mb-2 text-[#007BFF]"">Article 4 : Gestion des cookies</h2>
<p class=""mb-2 text-white text-lg"">Lors de votre premi√®re visite sur notre site, un bandeau vous informe de la pr√©sence de cookies et vous propose d'accepter, refuser ou personnaliser leur utilisation.</p>
<p class=""mb-2 text-white text-lg"">Vous pouvez √† tout moment modifier vos pr√©f√©rences en configurant votre navigateur ou en cliquant sur le bouton de gestion des cookies disponible sur notre site.</p>
<p class=""mb-2 text-white text-lg"">La suppression ou le blocage de certains cookies peut alt√©rer l'exp√©rience utilisateur.</p>

<h2 class=""font-semibold text-xl mt-6 mb-2 text-[#007BFF]"">Article 5 : Dur√©e de conservation des cookies</h2>
<p class=""mb-2 text-white text-lg"">Les cookies sont conserv√©s pour une dur√©e maximale de 13 mois apr√®s leur d√©p√¥t sur votre appareil conform√©ment √† la r√©glementation en vigueur.</p>

<h2 class=""font-semibold text-xl mt-6 mb-2 text-[#007BFF]"">Article 6 : Vos droits</h2>
<p class=""mb-2 text-white text-lg"">Conform√©ment au R√®glement G√©n√©ral sur la Protection des Donn√©es (RGPD), vous disposez du droit d'acc√®s, de rectification, de suppression et d'opposition au traitement de vos donn√©es personnelles. Pour exercer ces droits, veuillez nous contacter √† <a href=""mailto:contact@elpirata.fr"" class=""text-blue-400 hover:underline"">contact@elpirata.fr</a>.</p>

<h2 class=""font-semibold text-xl mt-6 mb-2 text-[#007BFF]"">Article 7 : Mise √† jour de la politique</h2>
<p class=""mb-2 text-white text-lg"">El Pirata se r√©serve le droit de modifier la pr√©sente Politique de Cookies √† tout moment. Toute mise √† jour substantielle sera signal√©e sur notre site.</p>",1,,
8,ABOUT,Qui sommes-nous ?,qui-sommes-nous,"<h1 class=""text-2xl font-bold mb-2 text-[#007BFF] text-center"">üè¥‚Äç‚ò†Ô∏è Qui sommes-nous ?</h1>
<p class=""italic mb-6 text-white text-lg text-center"">Bienvenue √† bord, moussaillons !</p>

<p class=""mb-4 text-white text-lg"">
  Je suis <strong>Capitaine El Pirata</strong>, 37 ans, aventurier de la vie, et fier papa de deux jeunes pirates en herbe.
</p>
<p class=""mb-4 text-white text-lg"">
  Mon histoire n‚Äôest pas celle d‚Äôun simple marin des temps modernes. Il y a quelques ann√©es, la mer de la vie m‚Äôa fait chavirer. 
  Un accident de la route, violent comme une temp√™te en pleine mer, a boulevers√© mon existence.<br>
  Sept fractures, des op√©rations longues comme des mois en mer, des douleurs qui rappellent que la vie est fragile... 
  et un chemin tout neuf √† tracer.
</p>
<p class=""mb-4 text-white text-lg"">
  J‚Äôai fr√¥l√© les abysses. Mais au lieu de sombrer, une rage de vivre est n√©e en moi ‚Äî une envie furieuse et joyeuse de partager, 
  de transmettre, de rendre les gens heureux. <strong>De l√† est n√© El Pirata.</strong>
</p>

<h2 class=""font-semibold text-xl mt-6 mb-2 text-[#007BFF]"">‚öì Pourquoi le pirate ?</h2>
<p class=""mb-4 text-white text-lg"">
  Parce que le pirate, c'est notre enfance.<br>
  C'est ce h√©ros libre, r√™veur, rebelle, qui n‚Äôh√©site pas √† redistribuer ce qu‚Äôil trouve au plus grand nombre.<br>
  Un pirate ne vit pas pour accumuler, mais pour partager l'aventure, la richesse du c≈ìur et la joie de vivre.
</p>
<p class=""mb-4 text-white text-lg"">
  J‚Äôai choisi ce th√®me parce qu‚Äôil parle √† chacun de nous. Il r√©veille l‚Äô√¢me d‚Äôenfant, la soif d‚Äôaventure, 
  le besoin d‚Äô√™tre ensemble autour d‚Äôune qu√™te.
</p>

<h2 class=""font-semibold text-xl mt-6 mb-2 text-[#007BFF]"">üéØ Notre mission</h2>
<p class=""mb-4 text-white text-lg"">
  √Ä bord d'El Pirata, nous avons un tr√©sor unique √† partager :
</p>
<ul class=""list-disc list-inside mb-4 text-white text-lg"">
  <li>R√©unir familles et amis autour de v√©ritables aventures humaines,</li>
  <li>Stimuler l'esprit par des √©nigmes, de la r√©flexion, de l'adr√©naline,</li>
  <li>Offrir la libert√© de jouer seul ou √† plusieurs,</li>
  <li>Sourire, r√™ver, d√©passer ses limites, grandir ensemble.</li>
</ul>
<p class=""mb-4 text-white text-lg"">
  Et surtout, rappeler que <strong>la pers√©v√©rance, l‚Äôentraide et la joie partag√©e</strong> sont les vrais tr√©sors de ce monde.
</p>

<h2 class=""font-semibold text-xl mt-6 mb-2 text-[#007BFF]"">‚≠ê La rencontre avec A-D-R-I-C-O-R, l'√©toile des mers</h2>
<p class=""mb-4 text-white text-lg"">
  Mais parfois, un capitaine a besoin d‚Äôune √©toile pour naviguer dans les nuits les plus noires.
</p>
<p class=""mb-4 text-white text-lg"">
  Dans ce p√©riple, j'ai crois√© le chemin d'<strong>A-D-R-I-C-O-R</strong>, un esprit libre, ing√©nieur en intelligence artificielle, 
  dont la g√©n√©rosit√© n'a d'√©gal que la force tranquille.
</p>
<p class=""mb-4 text-white text-lg"">
  Quand les vents de la vie soufflaient trop fort, quand les ressources manquaient, 
  quand les doutes frappaient √† la coque du navire, <strong>A-D-R-I-C-O-R a √©t√© l√†</strong>.
</p>
<p class=""mb-4 text-white text-lg"">
  Avec ses talents techniques, sa vision, sa foi dans l‚Äôaventure humaine, et son c≈ìur immense, 
  il a aid√© √† transformer un r√™ve fragile en une r√©alit√© solide.
</p>
<p class=""mb-4 text-white text-lg"">
  El Pirata, aujourd'hui, est aussi n√© d‚Äôune <strong>rencontre</strong>, d‚Äôune <strong>amiti√©</strong>, 
  et d'une <strong>force partag√©e</strong>.
</p>
<p class=""mb-4 text-white text-lg font-semibold"">
  √Ä A-D-R-I-C-O-R, ce vieux loup de mer, ce fr√®re d‚Äô√¢me : Merci d‚Äôavoir guid√© le Capitaine dans sa travers√©e jusqu'√† bon port.
</p>

<h2 class=""font-semibold text-xl mt-6 mb-2 text-[#007BFF]"">üëßüßí Les jeunes pirates du Capitaine</h2>
<p class=""mb-4 text-white text-lg"">
  Mais que serait un Capitaine sans son √©quipage de c≈ìur ?
</p>
<p class=""mb-4 text-white text-lg"">
  √Ä mes c√¥t√©s, deux √¢mes pr√©cieuses voguent depuis le d√©but de cette aventure : <strong>mon fils et ma fille</strong>.
</p>
<p class=""mb-4 text-white text-lg"">
  Avec leurs regards brillants, leur soif d‚Äôimaginaire et de d√©fi, ils m'ont rappel√© le v√©ritable tr√©sor : 
  <strong>le r√™ve, la curiosit√©, la complicit√©</strong>.
</p>
<p class=""mb-4 text-white text-lg"">
  Ils ont √©t√© <strong>positifs, engag√©s, cr√©atifs</strong>. Sans eux, ce projet n'aurait peut-√™tre pas vu le jour 
  sous le vent favorable de l'esp√©rance.
</p>
<blockquote class=""border-l-4 border-[#007BFF] pl-4 italic text-white text-lg my-6"">
  ""√Ä vous, mes jeunes pirates,<br>
  vous qui avez nourri mes r√™ves quand le vent manquait,<br>
  vous qui avez rallum√© les √©toiles quand la nuit semblait trop noire,<br>
  je vous dois bien plus qu'un merci.<br>
  Je vous dois la promesse de rester digne de vos regards fiers.<br>
  Je vous dois la force d'aller jusqu'au bout de chaque aventure.<br>
  Je vous dois le respect d√ª aux futurs Grands Capitaines que vous √™tes destin√©s √† devenir.<br>
  Mon amour pour vous est un phare, une boussole, et le plus beau des tr√©sors.""
</blockquote>

<h2 class=""font-semibold text-xl mt-6 mb-2 text-[#007BFF]"">üìú Le mot du Capitaine</h2>
<p class=""mb-6 text-white text-lg text-center font-semibold italic"">
  ""La vie est une chasse au tr√©sor. Ce n‚Äôest pas celui qui trouve le plus qui gagne, 
  c‚Äôest celui qui n‚Äôabandonne jamais.""
</p>
",1,,
9,REGLES,R√®gles du jeu,regles-du-jeu,"<h1 class=""text-2xl font-bold mb-2 text-[#007BFF] text-center"">üìú R√®gles du Jeu - El Pirata</h1>
<p class=""italic mb-6 text-white text-lg text-center"">Derni√®re mise √† jour : 1er janvier 2025</p>

<h2 class=""font-semibold text-xl mt-6 mb-2 text-[#007BFF]"">1. Pr√©sentation du jeu</h2>
<p class=""mb-4 text-white text-lg"">
  El Pirata propose des chasses au tr√©sor num√©riques et physiques, ouvertes √† tous les aventuriers majeurs d√©sireux de r√©soudre des √©nigmes vari√©es et de d√©couvrir des tr√©sors cach√©s.
  Chaque chasse comporte entre 5 et 15 √©nigmes √† r√©soudre pour atteindre la victoire.
</p>

<h2 class=""font-semibold text-xl mt-6 mb-2 text-[#007BFF]"">2. Inscription au jeu</h2>
<p class=""mb-4 text-white text-lg"">
  L'inscription se fait uniquement via le site internet officiel d'El Pirata. Chaque participant doit cr√©er un compte nominatif, √™tre majeur (18 ans r√©volus) et proc√©der au paiement s√©curis√© par carte bancaire via le Cr√©dit Mutuel.
</p>
<ul class=""list-disc list-inside mb-4 text-white text-lg"">
  <li>La participation est strictement r√©serv√©e aux personnes majeures.</li>
  <li>Un joueur peut s'inscrire √† autant de chasses qu'il le souhaite.</li>
  <li>Une fois le paiement valid√©, l'inscription est d√©finitive. Aucun remboursement n'est possible sauf cas pr√©vu par la politique de remboursement.</li>
  <li>Un mineur peut accompagner un adulte inscrit sous sa responsabilit√©, mais ne peut jouer seul.</li>
</ul>

<h2 class=""font-semibold text-xl mt-6 mb-2 text-[#007BFF]"">3. D√©roulement des chasses</h2>
<p class=""mb-4 text-white text-lg"">
  Les participants re√ßoivent toutes les informations par e-mail apr√®s leur inscription. Un rappel est envoy√© 24h avant le d√©but.
  Chaque joueur suit sa progression (pourcentage d‚Äô√©nigmes r√©solues) depuis son espace personnel. Le temps final est communiqu√© √† la fin de la chasse.
</p>

<h2 class=""font-semibold text-xl mt-6 mb-2 text-[#007BFF]"">4. Chasses num√©riques</h2>
<ul class=""list-disc list-inside mb-4 text-white text-lg"">
  <li>Se d√©roulent 100% en ligne, sans d√©placement.</li>
  <li>Chaque √©nigme valid√©e g√©n√®re un code unique li√© au compte.</li>
  <li>Connexion Internet stable recommand√©e.</li>
</ul>

<h2 class=""font-semibold text-xl mt-6 mb-2 text-[#007BFF]"">5. Chasses physiques</h2>
<ul class=""list-disc list-inside mb-4 text-white text-lg"">
  <li>N√©cessitent une phase num√©rique puis un d√©placement sur terrain priv√©.</li>
  <li>√âquipement adapt√© et respect du site obligatoires.</li>
  <li>Chaque √©nigme valid√©e g√©n√®re un code unique.</li>
</ul>

<h2 class=""font-semibold text-xl mt-6 mb-2 text-[#007BFF]"">6. Participation et √©quipes</h2>
<p class=""mb-4 text-white text-lg"">
  Chaque compte est individuel. Vous pouvez jouer en √©quipe mais seul le d√©tenteur du compte recevra les gains ou r√©compenses.
</p>

<h2 class=""font-semibold text-xl mt-6 mb-2 text-[#007BFF]"">7. Respect des r√®gles et comportement</h2>
<p class=""mb-4 text-white text-lg"">
  Tout comportement irrespectueux, tricherie ou tentative de fraude entra√Æne l‚Äôexclusion imm√©diate sans remboursement, voire un bannissement permanent.
</p>

<h2 class=""font-semibold text-xl mt-6 mb-2 text-[#007BFF]"">8. Gagnants et r√©compenses</h2>
<ul class=""list-disc list-inside mb-4 text-white text-lg"">
  <li>Le gagnant est celui qui r√©sout toutes les √©nigmes le plus rapidement.</li>
  <li>Les 9 suivants re√ßoivent un code VIP nominatif valable pour une chasse √©quivalente.</li>
  <li>Les r√©sultats sont publi√©s dans l‚Äôespace personnel. Aucune contestation ne sera possible apr√®s publication.</li>
</ul>

<h2 class=""font-semibold text-xl mt-6 mb-2 text-[#007BFF]"">9. S√©curit√© et responsabilit√©s</h2>
<p class=""mb-4 text-white text-lg"">
  Chaque participant est responsable de sa propre s√©curit√©. El Pirata d√©cline toute responsabilit√© en cas d'accident ou dommage mat√©riel.
</p>

<h2 class=""font-semibold text-xl mt-6 mb-2 text-[#007BFF]"">10. Annulation et report</h2>
<p class=""mb-4 text-white text-lg"">
  El Pirata peut reporter une chasse jusqu‚Äô√† 4 fois (max. 15 jours/report, soit 60 jours). Au-del√†, la chasse est annul√©e et rembours√©e sous 30 jours.
  Un RIB pourra √™tre demand√© si non enregistr√© dans l‚Äôespace s√©curis√©.
</p>

<h2 class=""font-semibold text-xl mt-6 mb-2 text-[#007BFF]"">11. Limitations techniques</h2>
<p class=""mb-4 text-white text-lg"">
  El Pirata n‚Äôest pas responsable des coupures Internet ou incidents techniques.
  En cas de panne majeure, une relance ou un report pourra √™tre d√©cid√©.
</p>

<h2 class=""font-semibold text-xl mt-6 mb-2 text-[#007BFF]"">12. Validation des √©nigmes et assistance</h2>
<ul class=""list-disc list-inside mb-4 text-white text-lg"">
  <li>Chaque √©nigme valid√©e g√©n√®re un code unique li√© au joueur.</li>
  <li>En cas de bug, contactez le support d√®s que possible.</li>
  <li>Vous pouvez continuer √† r√©soudre les autres √©nigmes en attendant une r√©ponse.</li>
</ul>

<h2 class=""font-semibold text-xl mt-6 mb-2 text-[#007BFF]"">13. Remise des tr√©sors et validation</h2>
<ul class=""list-disc list-inside mb-4 text-white text-lg"">
  <li><strong>Chasses physiques :</strong> Trouvez le ch√®que sp√©cimen, envoyez une photo dans les 15 minutes par email. Le vrai gain sera envoy√© en recommand√©.</li>
  <li><strong>Chasses num√©riques :</strong> R√©clamez votre gain via l‚Äôespace personnel, envoyez votre RIB.</li>
  <li>Les r√©compenses non r√©clam√©es sous 30 jours sont consid√©r√©es comme perdues.</li>
  <li>Les images/vid√©os gagnantes peuvent √™tre utilis√©es commercialement sans compensation.</li>
</ul>

<h2 class=""font-semibold text-xl mt-6 mb-2 text-[#007BFF]"">14. Dispositions finales</h2>
<p class=""mb-4 text-white text-lg"">
  El Pirata d√©cline toute responsabilit√© en cas de force majeure. Le jeu pourra √™tre annul√© ou report√© sans compensation.
  L‚Äôinaction d‚ÄôEl Pirata face √† une infraction ne constitue pas une renonciation √† appliquer cette r√®gle.
  En cas de litige, seuls les tribunaux fran√ßais sont comp√©tents.
</p>

<h2 class=""font-semibold text-xl mt-6 mb-2 text-[#007BFF]"">15. Avis des participants et r√©compenses promotionnelles</h2>
<ul class=""list-disc list-inside mb-4 text-white text-lg"">
  <li>Tout participant publiant un avis valid√© pourra recevoir un code promo de -10%.</li>
  <li>Un seul code par participant tous les 30 jours.</li>
  <li>Le code est personnel, non transf√©rable, valable pour une inscription individuelle.</li>
</ul>
",1,,
10,CHARTE,Charte √âthique et Engagements,charte-ethique-engagements,"<h1 class=""text-2xl font-bold mb-2 text-[#007BFF] text-center"">‚öñÔ∏è Charte √âthique et Engagements - El Pirata</h1>
<p class=""italic mb-6 text-white text-lg text-center"">Derni√®re mise √† jour : 1er janvier 2025</p>

<h2 class=""font-semibold text-xl mt-6 mb-2 text-[#007BFF]"">1. Introduction</h2>
<p class=""mb-4 text-white text-lg"">
    Chez El Pirata, l'aventure ne se r√©sume pas √† la chasse aux tr√©sors : elle incarne des valeurs profondes de respect,
    d‚Äô√©quit√©,
    de protection de l‚Äôenvironnement et d‚Äôengagement envers nos participants. Cette charte officialise nos engagements
    √©thiques
    dans l‚Äôorganisation de nos √©v√©nements et la gestion de notre plateforme num√©rique.
</p>

<h2 class=""font-semibold text-xl mt-6 mb-2 text-[#007BFF]"">2. Respect des lois fran√ßaises et europ√©ennes</h2>
<p class=""mb-4 text-white text-lg"">
    El Pirata s'engage √† respecter l'ensemble des r√©glementations applicables en France et en Europe, notamment :
</p>
<ul class=""list-disc list-inside mb-4 text-white text-lg"">
    <li>Le R√®glement G√©n√©ral sur la Protection des Donn√©es (RGPD) (UE 2016/679)</li>
    <li>Le Code de la consommation fran√ßais</li>
    <li>Le Code p√©nal fran√ßais (article 222-33-2-2 sur le harc√®lement)</li>
    <li>La directive europ√©enne 2005/29/CE relative aux pratiques commerciales loyales</li>
</ul>

<h2 class=""font-semibold text-xl mt-6 mb-2 text-[#007BFF]"">3. Respect des utilisateurs et √©thique g√©n√©rale</h2>
<p class=""mb-4 text-white text-lg"">
    Chaque participant est accueilli avec respect, dignit√© et bienveillance. El Pirata promeut une culture du respect
    mutuel,
    de l'honn√™tet√© et de la convivialit√© √† travers toutes ses activit√©s num√©riques et physiques.
</p>

<h2 class=""font-semibold text-xl mt-6 mb-2 text-[#007BFF]"">4. Clause Anti-Harc√®lement et Anti-Toxicit√©</h2>
<p class=""mb-4 text-white text-lg"">
    Tout comportement agressif, harcelant, injurieux ou d√©gradant envers d'autres participants ou membres de l'√©quipe El
    Pirata
    sera sanctionn√© imm√©diatement par une exclusion d√©finitive sans remboursement.
</p>
<p class=""mb-4 text-white text-lg"">
    Conform√©ment √† l'article 222-33-2-2 du Code p√©nal, tout harc√®lement moral, physique ou num√©rique est strictement
    interdit et pourra √™tre d√©nonc√© aux autorit√©s comp√©tentes.
</p>

<h2 class=""font-semibold text-xl mt-6 mb-2 text-[#007BFF]"">5. Engagement pour l‚ÄôAccessibilit√©</h2>
<p class=""mb-4 text-white text-lg"">
    El Pirata met tout en ≈ìuvre pour rendre ses √©v√©nements accessibles √† un maximum de participants,
    dans la limite des contraintes techniques et s√©curitaires. Nous nous engageons √† faciliter l'acc√®s √† l'information
    et √† proposer des exp√©riences inclusives autant que possible.
</p>

<h2 class=""font-semibold text-xl mt-6 mb-2 text-[#007BFF]"">6. Protection stricte des mineurs</h2>
<p class=""mb-4 text-white text-lg"">
    Conform√©ment au Code civil fran√ßais, l'inscription sur El Pirata est strictement r√©serv√©e aux majeurs.
    Les mineurs peuvent participer uniquement sous la supervision directe d'un parent ou tuteur l√©gal.
    Aucune collecte directe de donn√©es personnelles de mineurs non accompagn√©s n'est r√©alis√©e.
</p>

<h2 class=""font-semibold text-xl mt-6 mb-2 text-[#007BFF]"">7. Transparence sur la nature de nos services</h2>
<p class=""mb-4 text-white text-lg"">
    Les chasses au tr√©sor propos√©es par El Pirata ne rel√®vent pas du r√©gime des jeux d‚Äôargent ou de hasard au sens de la
    r√©glementation fran√ßaise
    et ne sont donc pas soumises √† l'Autorit√© Nationale des Jeux (ANJ).
    Les r√©sultats d√©pendent exclusivement de la r√©flexion, de l'habilet√© et de la rapidit√© des participants.
</p>

<h2 class=""font-semibold text-xl mt-6 mb-2 text-[#007BFF]"">8. Protection des donn√©es personnelles (RGPD)</h2>
<p class=""mb-4 text-white text-lg"">
    El Pirata collecte uniquement les donn√©es n√©cessaires √† l'organisation des √©v√©nements et √† la communication avec ses
    participants.
    Conform√©ment au RGPD, chaque utilisateur dispose d'un droit d'acc√®s, de rectification, de suppression et
    d'opposition concernant ses donn√©es personnelles.
    Consultez notre <a href=""/documents/politique-confidentialite"" class=""text-blue-400 hover:underline"">Politique de
        Confidentialit√©</a> pour plus d'informations.
</p>

<h2 class=""font-semibold text-xl mt-6 mb-2 text-[#007BFF]"">9. Engagement √©cologique</h2>
<p class=""mb-4 text-white text-lg"">
    El Pirata organise ses chasses au tr√©sor en respectant les principes de protection de la nature et de
    l'environnement.
    Nous s√©lectionnons nos sites d'activit√© pour limiter l'empreinte √©cologique et sensibiliser nos participants au
    respect des espaces naturels.
    Nous encourageons √©galement les d√©placements √©co-responsables lors des chasses physiques.
</p>

<h2 class=""font-semibold text-xl mt-6 mb-2 text-[#007BFF]"">10. S√©curit√© et respect des lieux</h2>
<p class=""mb-4 text-white text-lg"">
    Chaque participant s'engage √† respecter les espaces utilis√©s pour les chasses au tr√©sor,
    √† ne causer aucun dommage aux infrastructures et √† adopter un comportement responsable envers les autres et
    l‚Äôenvironnement.
</p>

<h2 class=""font-semibold text-xl mt-6 mb-2 text-[#007BFF]"">11. Conclusion</h2>
<p class=""mb-6 text-white text-lg"">
    Par cette Charte √âthique et Engagements, El Pirata affirme sa volont√© d‚Äôoffrir une exp√©rience d‚Äôaventure humaine,
    juste, s√©curis√©e et respectueuse. En rejoignant nos chasses, chaque aventurier accepte de partager ces valeurs
    et de contribuer √† construire ensemble des souvenirs inoubliables.<br><br>
    <em>√Ä l‚Äôabordage, dans le respect, l'intelligence et la bienveillance !</em>
</p>",1,,
11,CHARTE,Support et Assistance,support-assistance,"<h1 class=""text-2xl font-bold mb-2 text-[#007BFF] text-center"">üõ†Ô∏è Support et Assistance - El Pirata</h1>
<p class=""italic mb-6 text-white text-lg text-center"">Derni√®re mise √† jour : 1er janvier 2025</p>

<h2 class=""font-semibold text-xl mt-6 mb-2 text-[#007BFF]"">1. Coordonn√©es de contact</h2>
<p class=""mb-4 text-white text-lg"">
    Vous pouvez nous joindre √† tout moment via :
    <br>
    ‚úâÔ∏è <strong>Email :</strong> <a href=""mailto:support@pirata.com"" class=""text-blue-400 hover:underline"">support@pirata.com</a><br>
    üìû <strong>T√©l√©phone :</strong> +33 1 23 45 67 89
</p>

<h2 class=""font-semibold text-xl mt-6 mb-2 text-[#007BFF]"">2. Horaires et d√©lais de r√©ponse</h2>
<p class=""mb-4 text-white text-lg"">
    Notre √©quipe est disponible tous les jours de la semaine, de 9h √† 22h (heure de Paris).
    Nous nous engageons √† vous r√©pondre dans un d√©lai maximal de 24h.
</p>

<h2 class=""font-semibold text-xl mt-6 mb-2 text-[#007BFF]"">3. Syst√®me de tickets</h2>
<p class=""mb-4 text-white text-lg"">
    En cas de probl√®me technique ou li√© √† votre compte, vous pouvez ouvrir un ticket de support depuis votre espace personnel.
    <br>
    ‚ùì Vous avez perdu votre progression ? Contactez-nous pour que nous puissions restaurer vos donn√©es.
</p>

<h2 class=""font-semibold text-xl mt-6 mb-2 text-[#007BFF]"">4. Documentation et FAQ</h2>
<p class=""mb-4 text-white text-lg"">
    Une <strong>FAQ compl√®te</strong> ainsi que des <strong>guides pratiques</strong> sont disponibles sur notre site.
    <br>
    üìö <em>Exemple :</em> Comment obtenir des r√©compenses dans le jeu ? Consultez la FAQ pour d√©couvrir toutes les possibilit√©s !
</p>

<h2 class=""font-semibold text-xl mt-6 mb-2 text-[#007BFF]"">5. M√©diation en cas de litige</h2>
<p class=""mb-4 text-white text-lg"">
    En cas de litige ou de d√©saccord persistant, vous pouvez faire appel √† un m√©diateur ind√©pendant pour trouver une solution amiable.
</p>

<h2 class=""font-semibold text-xl mt-6 mb-2 text-[#007BFF]"">6. Coordonn√©es du m√©diateur</h2>
<p class=""mb-4 text-white text-lg"">
    üë§ <strong>Nom :</strong> Mr Robert Ren√©<br>
    ‚úâÔ∏è <strong>Email :</strong> <a href=""
",1,,
12,CHARTE,S√©curisation et Transparence,securisation-transparence,"<h1 class=""text-2xl font-bold mb-2 text-[#007BFF] text-center"">üîí S√©curisation et Transparence - El Pirata</h1>
<p class=""italic mb-6 text-white text-lg text-center"">Derni√®re mise √† jour : 1er janvier 2025</p>

<h2 class=""font-semibold text-xl mt-6 mb-2 text-[#007BFF]"">1. Certificats et Protocoles de S√©curit√©</h2>
<p class=""mb-4 text-white text-lg"">
    Afin d‚Äôassurer la protection des donn√©es des utilisateurs et la s√©curit√© des transactions, nous avons mis en place plusieurs mesures :
</p>
<ul class=""list-disc list-inside mb-4 text-white text-lg"">
    <li><strong>Protocole HTTPS :</strong> Toutes les connexions au site et aux services du jeu sont s√©curis√©es par le protocole HTTPS, garantissant l'int√©grit√© et la confidentialit√© des √©changes de donn√©es.</li>
    <li><strong>Certificats SSL/TLS :</strong> Les certificats SSL/TLS sont utilis√©s pour chiffrer les communications entre les utilisateurs et nos serveurs, emp√™chant toute interception non autoris√©e.</li>
    <li><strong>Authentification √† deux facteurs (2FA) :</strong> Disponible pour renforcer la s√©curit√© des comptes des joueurs.</li>
    <li><strong>Protection contre les attaques :</strong> Mise en place de pare-feux, de syst√®mes de d√©tection d‚Äôintrusions et de m√©canismes de d√©fense contre les attaques DDoS.</li>
</ul>

<h2 class=""font-semibold text-xl mt-6 mb-2 text-[#007BFF]"">2. Tra√ßabilit√© des Incidents</h2>
<p class=""mb-4 text-white text-lg"">
    Conform√©ment aux exigences du RGPD et des r√©glementations en vigueur, nous avons √©tabli des proc√©dures de gestion et de notification des incidents de s√©curit√© :
</p>
<ul class=""list-disc list-inside mb-4 text-white text-lg"">
    <li><strong>Surveillance et d√©tection :</strong> En cas de violation de donn√©es personnelles, une notification sera envoy√©e aux autorit√©s comp√©tentes (CNIL) ainsi qu'aux utilisateurs concern√©s dans un d√©lai maximal de 72 heures.</li>
    <li><strong>Notification en cas de faille :</strong> Les utilisateurs sont inform√©s de toute faille critique affectant la s√©curit√© de leurs donn√©es ou de leurs comptes.</li>
    <li><strong>Mesures correctives :</strong> Apr√®s chaque incident, une analyse de la cause est effectu√©e, suivie de correctifs techniques et du renforcement de la s√©curit√© globale.</li>
</ul>

<div class=""text-center text-base mt-7"">
  En jouant √† 
  <span class=""font-bold font-[Merienda]"">El</span> 
  <span class=""font-bold font-[Merienda] text-[#EB0000]"">Pirata</span>, 
  vous acceptez ces conditions. <br>
  <span class=""font-[Merienda] text-[#EB0000] font-extrabold text-xl"">Bon jeu Moussaillon !</span>
</div>",1,,
